last_name,first_name,patronymic,company,work_phone,personal_phone
Иванов,Лавр,Быков,Ип «Комарова-Беспалова»,81235452975,87581636858
Власович,Парфен,Бобров,Рогова Лимитед,80654689442,882373776736
Елисеевич,Аггей,Кулаков,Зао «Михеева Денисов»,89014569966,89014569966
Викторович,Дементий,Николаев,Зао «Агафонов Матвеева»,83759050197,86194745083
Феоктист,Бобылев,Дмитриевич,Эйчпи Инк (Hp Inc.),88731906090,880162691100
Регина,Игнатова,Леоновна,Ковалев Групп,889201301149,89014569966
Марсович,Август,Горбунов,"Рао «Сазонова, Ковалев И Корнилова»",885231038442,888443223531
Семеновна,Анна,Авдеева,Ип «Гущин-Красильников»,81061136477,881828846975
Евсеевич,Милан,Лаврентьев,Ао «Богданов»,888813061850,80807370621
Иларионович,Кондрат,Шаров,Терентьева Групп,81837073752,89280065565
Игоревна,Светлана,Моисеева,"Зао «Андреев, Дьячкова И Якушева»",889349306061,86445912063
Фёкла,Котова,Ильинична,Осипов Лимитед,82996887840,80058747142
Всеволодович,Никон,Князев,Ефремов Инк,89335370996,80183433306
Григорьевич,Валерьян,Гордеев,Зао «Бобылева Рябов»,887361353781,882759790655
Наталья,Одинцова,Сергеевна,Романов Лтд,81955457997,882629013236
Лариса,Бурова,Станиславовна,"Нпо «Субботина, Авдеева И Родионова»",85318476232,888956151737
Антоновна,Нина,Новикова,Ип «Захаров»,880212842662,882945500820
Евдоким,Орлов,Борисович,Ингосстрах,886112824848,89687069893
Антонович,Ян,Тихонов,Оао «Зуев Суханова»,85816233689,882895147068
Иларионович,Иларион,Туров,Оао «Евдокимова-Быков»,886643983853,882192072372
Тимуровна,Пелагея,Хохлова,"Ип «Лазарев, Федосеев И Назаров»",82986835529,82264372228
Игнатьевич,Ефим,Агафонов,Российская Электроника,89723617557,80242554318
Никифоровна,Лидия,Капустина,Нпо «Денисов»,880614221922,888197553569
Дмитриевич,Сократ,Веселов,Оао «Исакова-Красильникова»,884763934521,885656852723
Юльевна,Нинель,Лихачева,Ао «Киселев»,882467619006,80421070694
Валерьян,Поляков,Владиславович,Миронов Групп,886171084669,83868577324
Регина,Шарапова,Кирилловна,"Ип «Воронцова, Белозерова И Баранов»",80090445072,889720683517
Ангелина,Русакова,Ждановна,"Оао «Шубина, Макаров И Хохлова»",883400686806,889993928669
Раиса,Агафонова,Макаровна,"Ип «Евдокимов, Антонов И Кузнецов»",85992426100,89737403087
Иосифович,Аникей,Лыткин,Рао «Денисов-Соловьева»,82549375672,886934654174
Захаровна,Элеонора,Дементьева,"Зао «Ефимова, Фролова И Ершов»",889182936517,887026757344
Жанович,Савелий,Лыткин,"Нпо «Лихачева, Попов И Рябова»",881131377592,884194007027
Сергей,Афанасьев,Устинович,Рао «Филатов Кононов»,881977042641,89499270013
Лидия,Цветкова,Максимовна,Кабанова Инк,881384330253,886360975918
Селиверст,Ситников,Геннадиевич,Рао «Попова Сергеева»,888120181860,80041626202
Матвеевна,Евфросиния,Осипова,Ип «Гаврилова Одинцова»,880695762939,886977351797
Макаровна,Ия,Воробьева,Соболева Инкорпорэйтед,880541229028,883740112770
Еремеевич,Авдей,Кабанов,"Зао «Мартынов, Белякова И Силина»",87653310269,881639844133
Фёкла,Ершова,Феликсовна,"Оао «Колобов, Орехов И Ершов»",884830885957,85514457114
Ольга,Стрелкова,Наумовна,"Рао «Ковалев, Горбунова И Зимина»",82307193389,81393450848
Устинович,Светозар,Коновалов,Ао «Жданов Федотов»,85423836175,888849833010
Демьянович,Роман,Марков,"Ооо «Кононов, Мишина И Веселова»",82199982070,884251685473
Андреевна,Нинель,Лихачева,"Зао «Жуков, Трофимова И Горбунова»",82929704008,87149516875
Клавдия,Кудрявцева,Евгеньевна,Ооо «Тимофеев Тетерин»,85864619142,889015406257
Поликарп,Герасимов,Фёдорович,Уральские Авиалинии,83405624153,88657039588
Дементий,Антонов,Артёмович,Ситникова И Партнеры,885843723926,885266097823
Аверкий,Гурьев,Юлианович,Оао «Михайлова Белоусов»,882251865680,84904200695
Галина,Селезнева,Кирилловна,Ип «Рожков Буров»,82269857326,887731083690
Сергеевна,Ия,Артемьева,Зао «Быкова-Пахомова»,886937026491,86750071741
Анастасия,Кудрявцева,Натановна,Силина Групп,81895106210,881726351421
Петр,Александров,Васильевич,Крюкова Лтд,882010422199,881279368716
Степановна,Наталья,Самсонова,Ооо «Михеева-Полякова»,885916142564,85121602267
Бенедиктович,Никандр,Капустин,Зао «Журавлева-Шашкова»,886452176936,89707218751
Зиновьевич,Осип,Якушев,Ооо «Ефремов-Пахомов»,83753779051,88929363266
Олимпий,Наумов,Елизарович,"Рао «Дорофеев, Турова И Александрова»",84845807066,82757668042
Терентьевич,Максим,Корнилов,"Ип «Суханов, Евсеев И Сидорова»",889826744135,80906279117
Даниилович,Панкрат,Ефремов,Ип «Рябова Лазарев»,887170745214,89422288808
Мироновна,Юлия,Иванова,Рао «Дорофеева-Фролова»,88696527313,880107367763
Нина,Прохорова,Рудольфовна,Ип «Лебедев-Киселев»,881370586674,89827763200
Лариса,Ефремова,Харитоновна,Цветков Инкорпорэйтед,81584445437,82214184047
Анна,Белоусова,Леоновна,Ао «Игнатов-Колесников»,880465531365,882739698761
Игоревна,Эмилия,Громова,Нпо «Туров-Копылова»,881772762303,88382728573
Зоя,Уварова,Святославовна,Ао «Большаков-Некрасова»,89081149205,887551913245
Валентина,Селезнева,Наумовна,"Оао «Кузьмин, Борисова И Тихонова»",88264509450,84935580982
Ангелина,Бурова,Робертовна,Рао «Громова»,80461182426,889187802143
Арсеньевич,Лев,Беспалов,Оао «Гущин-Ершов»,885577270838,885117949933
Данилович,Лавр,Беспалов,"Ао «Игнатов, Дмитриева И Гуляев»",889003789552,83842936572
Лев,Веселов,Викентьевич,Петрова Групп,89007009867,83497059657
Захаровна,Варвара,Егорова,"Ао «Исаева, Мартынова И Шашков»",887011960151,82114488613
Никита,Медведев,Федотович,Рао «Анисимов Баранова»,883711896829,884587961906
Велимир,Власов,Иосипович,Завод Имени Дегтярева,887854112548,880966526379
Валентиновна,Акулина,Пахомова,Ао «Морозов Алексеев»,883666618408,82433390667
Геннадиевна,Евфросиния,Большакова,Нпо «Третьякова-Шубина»,882734835016,80866952769
Нина,Зыкова,Ефимовна,Национальная Медиа Группа,886622999857,85795234254
Якубович,Никифор,Зыков,Нпо «Галкин-Ершова»,85354097260,888756857879
Нестор,Коновалов,Чеславович,Рао «Горбачев-Логинов»,87912593976,882066351860
Михайловна,Наталья,Орехова,"Ао «Крюкова, Нестерова И Лазарева»",884524087022,85185516909
Гордеевич,Зосима,Терентьев,Ао «Борисова»,84592753743,88343079749
Денисович,Рубен,Сафонов,Т Плюс,889116934029,888521819948
Гедеон,Быков,Антонович,Рао «Калинин-Дроздов»,89459107550,883589117068
Ануфриевич,Иосиф,Громов,Нпо «Ефремова-Беляков»,83154544854,80688433532
Геннадиевна,Валерия,Шилова,Сименс (Siemens),82013895027,882395777645
Владиленович,Данила,Костин,Ао «Савельев-Шубина»,885425360058,85965635198
Артемьевич,Кондратий,Устинов,Ао «Афанасьева»,83084745200,884064532582
Лидия,Лобанова,Кузьминична,Оао «Кузьмина-Кузнецов»,887438431485,89757296326
Федоровна,Анжела,Коновалова,Комос Групп,881096667082,88527306152
Анатольевна,Анастасия,Данилова,Оао «Молчанова Фомин»,80370860079,886439196302
Федоровна,Анастасия,Комарова,Нпо «Капустин»,881812255742,81907677190
Валентиновна,Прасковья,Петухова,Нпо «Марков Александрова»,881425834643,84734278899
Григорьевич,Авксентий,Федоров,Рао «Иванова-Виноградова»,89364580925,889546526388
Иосипович,Галактион,Юдин,Группа Агропредприятий Ресурс,80614651566,885821135102
Платон,Рябов,Ануфриевич,Автоваз,886351591639,887486259441
Станислав,Наумов,Витальевич,Оао «Попов Мартынова»,80462382793,885067549473
Твердислав,Панов,Викторович,Рао «Романова Титова»,87713880447,88100089871
Федоровна,Мария,Трофимова,Сорокин Лтд,885996785241,885469082667
Измаилович,Валерий,Субботин,Ооо «Бирюкова»,81351214561,85561562536
Дарья,Харитонова,Никифоровна,Рыбакова Лимитед,885342948131,87320502188
Глебович,Януарий,Мартынов,"Ао «Кузьмин, Гурьев И Сергеев»",888745326096,880951112804
Аксёнович,Эраст,Моисеев,Зао «Гуляева»,885925963249,889987853863
Вилорович,Изяслав,Орехов,Аксенова Инкорпорэйтед,88182758653,88741115742
Maksi,Nick,Genn,Pyat,89543258844,89542347722
Maksi,Nick,Genn,Pyat,89543254385,89529547722
Иванов,Петр,Сергеевич,Pyat,89533853367,89013459465
